--final insert
--customer 
INSERT INTO Customer (customer_id, Name, Email, Phone, Address) VALUES
(1, 'Ahmed Ali', 'ahmed.ali1@gmail.com', '+201001234567', '12 Cairo St, Giza, Egypt'),
(2, 'Sara Youssef', 'sara.youssef2@gmail.com', '+201001234568', '45 Alexandria St, Alexandria, Egypt'),
(3, 'Mohamed Nabil', 'mohamed.nabil3@gmail.com', '+201001234569', '22 Mansoura St, Mansoura, Egypt'),
(4, 'Mona Fathy', 'mona.fathy4@gmail.com', '+201001234570', '78 Nasr City St, Cairo, Egypt'),
(5, 'Youssef Adel', 'youssef.adel5@gmail.com', '+201001234571', '65 Maadi St, Cairo, Egypt'),
(6, 'Khaled Samir', 'khaled.samir6@gmail.com', '+201001234572', '31 Heliopolis St, Cairo, Egypt'),
(7, 'Rania Mahmoud', 'rania.mahmoud7@gmail.com', '+201001234573', '56 Dokki St, Giza, Egypt'),
(8, 'Omar Ahmed', 'omar.ahmed8@gmail.com', '+201001234574', '19 Sheikh Zayed St, Giza, Egypt'),
(9, 'Laila Hassan', 'laila.hassan9@gmail.com', '+201001234575', '77 Mohandeseen St, Giza, Egypt'),
(10, 'Tarek Ismail', 'tarek.ismail10@gmail.com', '+201001234576', '89 October St, Giza, Egypt'),
(11, 'Samira Tawfik', 'samira.tawfik11@gmail.com', '+201001234577', '35 Zamalek St, Cairo, Egypt'),
(12, 'Hassan El-Sayed', 'hassan.elsayed12@gmail.com', '+201001234578', '14 Dokki St, Giza, Egypt'),
(13, 'Heba Yassin', 'heba.yassin13@gmail.com', '+201001234579', '23 Maadi St, Cairo, Egypt'),
(14, 'Ali Kamal', 'ali.kamal14@gmail.com', '+201001234580', '65 Giza St, Giza, Egypt'),
(15, 'Fatma Mostafa', 'fatma.mostafa15@gmail.com', '+201001234581', '52 Heliopolis St, Cairo, Egypt'),
(16, 'Wael Ibrahim', 'wael.ibrahim16@gmail.com', '+201001234582', '98 Shoubra St, Cairo, Egypt'),
(17, 'Marwa Hamdy', 'marwa.hamdy17@gmail.com', '+201001234583', '33 Rehab St, New Cairo, Egypt'),
(18, 'Hany Sherif', 'hany.sherif18@gmail.com', '+201001234584', '48 Sheikh Zayed St, Giza, Egypt'),
(19, 'Nadia Maher', 'nadia.maher19@gmail.com', '+201001234585', '16 Nasr City St, Cairo, Egypt'),
(20, 'Ziad Osama', 'ziad.osama20@gmail.com', '+201001234586', '42 Maadi St, Cairo, Egypt'),
(21, 'Sherif Amr', 'sherif.amr21@gmail.com', '+201001234587', '67 Heliopolis St, Cairo, Egypt'),
(22, 'Samar Fathy', 'samar.fathy22@gmail.com', '+201001234588', '73 Nasr City St, Cairo, Egypt'),
(23, 'Karim Nabil', 'karim.nabil23@gmail.com', '+201001234589', '15 Sheikh Zayed St, Giza, Egypt'),
(24, 'Maha Adel', 'maha.adel24@gmail.com', '+201001234590', '44 Mohandeseen St, Giza, Egypt'),
(25, 'Hala Ibrahim', 'hala.ibrahim25@gmail.com', '+201001234591', '22 Dokki St, Giza, Egypt'),
(26, 'Omar Lotfy', 'omar.lotfy26@gmail.com', '+201001234592', '39 Zamalek St, Cairo, Egypt'),
(27, 'Lina Magdy', 'lina.magdy27@gmail.com', '+201001234593', '88 Maadi St, Cairo, Egypt'),
(28, 'Adel Sami', 'adel.sami28@gmail.com', '+201001234594', '11 October St, Giza, Egypt'),
(29, 'Amira Khaled', 'amira.khaled29@gmail.com', '+201001234595', '99 Sheikh Zayed St, Giza, Egypt'),
(30, 'Hisham Ahmed', 'hisham.ahmed30@gmail.com', '+201001234596', '51 Nasr City St, Cairo, Egypt'),
(31, 'Lobna Hany', 'lobna.hany31@gmail.com', '+201001234597', '32 Heliopolis St, Cairo, Egypt'),
(32, 'Ashraf Hassan', 'ashraf.hassan32@gmail.com', '+201001234598', '65 Rehab St, New Cairo, Egypt'),
(33, 'Yara Fathy', 'yara.fathy33@gmail.com', '+201001234599', '24 Dokki St, Giza, Egypt'),
(34, 'Tamer Youssef', 'tamer.youssef34@gmail.com', '+201001234600', '78 Mohandeseen St, Giza, Egypt'),
(35, 'Nour Mohamed', 'nour.mohamed35@gmail.com', '+201001234601', '66 Nasr City St, Cairo, Egypt'),
(36, 'Khaled Gamal', 'khaled.gamal36@gmail.com', '+201001234602', '71 Sheikh Zayed St, Giza, Egypt'),
(37, 'Dina Nabil', 'dina.nabil37@gmail.com', '+201001234603', '13 October St, Giza, Egypt'),
(38, 'Waleed Saad', 'waleed.saad38@gmail.com', '+201001234604', '64 Rehab St, New Cairo, Egypt'),
(39, 'Hassan Tarek', 'hassan.tarek39@gmail.com', '+201001234605', '58 Heliopolis St, Cairo, Egypt'),
(40, 'Laila Karim', 'laila.karim40@gmail.com', '+201001234606', '93 Maadi St, Cairo, Egypt'),
(41, 'Ola Samir', 'ola.samir41@gmail.com', '+201001234607', '25 Nasr City St, Cairo, Egypt'),
(42, 'Mahmoud Fawzy', 'mahmoud.fawzy42@gmail.com', '+201001234608', '45 Sheikh Zayed St, Giza, Egypt'),
(43, 'Aly Mostafa', 'aly.mostafa43@gmail.com', '+201001234609', '55 Mohandeseen St, Giza, Egypt'),
(44, 'Yasmine Fathy', 'yasmine.fathy44@gmail.com', '+201001234610', '47 October St, Giza, Egypt'),
(45, 'Mohamed Sami', 'mohamed.sami45@gmail.com', '+201001234611', '29 Dokki St, Giza, Egypt'),
(46, 'Ayman Ezzat', 'ayman.ezzat46@gmail.com', '+201001234612', '77 Nasr City St, Cairo, Egypt'),
(47, 'Mona Adel', 'mona.adel47@gmail.com', '+201001234613', '42 Heliopolis St, Cairo, Egypt'),
(48, 'Fady Osama', 'fady.osama48@gmail.com', '+201001234614', '81 Rehab St, New Cairo, Egypt'),
(49, 'Tarek Gamal', 'tarek.gamal49@gmail.com', '+201001234615', '34 Zamalek St, Cairo, Egypt'),
(50, 'Nadia Sherif', 'nadia.sherif50@gmail.com', '+201001234616', '10 Mohandeseen St, Giza, Egypt'),
(51, 'Sally Amr', 'sally.amr51@gmail.com', '+201001234617', '22 Dokki St, Giza, Egypt'),
(52, 'Ahmed Hany', 'ahmed.hany52@gmail.com', '+201001234618', '63 Maadi St, Cairo, Egypt'),
(53, 'Rana Yassin', 'rana.yassin53@gmail.com', '+201001234619', '39 Nasr City St, Cairo, Egypt'),
(54, 'Shady Youssef', 'shady.youssef54@gmail.com', '+201001234620', '33 Sheikh Zayed St, Giza, Egypt'),
(55, 'Esraa Samir', 'esraa.samir55@gmail.com', '+201001234621', '47 Heliopolis St, Cairo, Egypt'),
(56, 'Ali Hassan', 'ali.hassan56@gmail.com', '+201001234622', '12 Rehab St, New Cairo, Egypt'),
(57, 'Sara Mahmoud', 'sara.mahmoud57@gmail.com', '+201001234623', '66 Zamalek St, Cairo,Egypt'),
(58, 'Nour Ibrahim', 'nour.ibrahim58@gmail.com', '+201001234624', '21 October St, Giza, Egypt'),
(59, 'Hossam Tamer', 'hossam.tamer59@gmail.com', '+201001234625', '49 Mohandeseen St, Giza, Egypt'),
(60, 'Dalia Fathy', 'dalia.fathy60@gmail.com', '+201001234626', '83 Nasr City St, Cairo, Egypt'),
(61, 'Ibrahim Khaled', 'ibrahim.khaled61@gmail.com', '+201001234627', '17 Heliopolis St, Cairo, Egypt'),
(62, 'Ranya Sherif', 'ranya.sherif62@gmail.com', '+201001234628', '53 Rehab St, New Cairo, Egypt'),
(63, 'Moustafa Magdy', 'moustafa.magdy63@gmail.com', '+201001234629', '45 Zamalek St, Cairo, Egypt'),
(64, 'Youssef Hassan', 'youssef.hassan64@gmail.com', '+201001234630', '10 Cairo St, Giza, Egypt'),
(65, 'Hanan Omar', 'hanan.omar65@gmail.com', '+201001234631', '89 Maadi St, Cairo, Egypt'),
(66, 'Samah Nabil', 'samah.nabil66@gmail.com', '+201001234632', '22 Sheikh Zayed St, Giza, Egypt'),
(67, 'Zeinab Amr', 'zeinab.amr67@gmail.com', '+201001234633', '91 Mohandeseen St, Giza, Egypt'),
(68, 'Bassem Ahmed', 'bassem.ahmed68@gmail.com', '+201001234634', '31 Nasr City St, Cairo, Egypt'),
(69, 'Marwan Samir', 'marwan.samir69@gmail.com', '+201001234635', '58 Dokki St, Giza, Egypt'),
(70, 'Dina Fawzy', 'dina.fawzy70@gmail.com', '+201001234636', '82 Heliopolis St, Cairo, Egypt'),
(71, 'Nadia Saad', 'nadia.saad71@gmail.com', '+201001234637', '76 Rehab St, New Cairo, Egypt'),
(72, 'Maged Tarek', 'maged.tarek72@gmail.com', '+201001234638', '12 October St, Giza, Egypt'),
(73, 'Fatima Mohamed', 'fatima.mohamed73@gmail.com', '+201001234639', '54 Zamalek St, Cairo, Egypt'),
(74, 'Hossam Yasser', 'hossam.yasser74@gmail.com', '+201001234640', '29 Maadi St, Cairo, Egypt'),
(75, 'Reham Khaled', 'reham.khaled75@gmail.com', '+201001234641', '99 Mohandeseen St, Giza, Egypt'),
(76, 'Khaled Amr', 'khaled.amr76@gmail.com', '+201001234642', '15 Heliopolis St, Cairo, Egypt'),
(77, 'Salma Ibrahim', 'salma.ibrahim77@gmail.com', '+201001234643', '20 Rehab St, New Cairo, Egypt'),
(78, 'Tamer Sherif', 'tamer.sherif78@gmail.com', '+201001234644', '66 Nasr City St, Cairo, Egypt'),
(79, 'Hanan Adel', 'hanan.adel79@gmail.com', '+201001234645', '45 October St, Giza, Egypt'),
(80, 'Ahmed Fathy', 'ahmed.fathy80@gmail.com', '+201001234646', '33 Mohandeseen St, Giza, Egypt'),
(81, 'Amr Mohamed', 'amr.mohamed81@gmail.com', '+201001234647', '60 Zamalek St, Cairo, Egypt'),
(82, 'Mona Hossam', 'mona.hossam82@gmail.com', '+201001234648', '72 Heliopolis St, Cairo, Egypt'),
(83, 'Dalia Osama', 'dalia.osama83@gmail.com', '+201001234649', '44 Rehab St, New Cairo, Egypt'),
(84, 'Ahmed Sami', 'ahmed.sami84@gmail.com', '+201001234650', '88 Dokki St, Giza, Egypt'),
(85, 'Yasmin Amr', 'yasmin.amr85@gmail.com', '+201001234651', '77 Nasr City St, Cairo, Egypt'),
(86, 'Fahim Nabil', 'fahim.nabil86@gmail.com', '+201001234652', '54 Maadi St, Cairo, Egypt'),
(87, 'Kareem Ezzat', 'kareem.ezzat87@gmail.com', '+201001234653', '32 Mohandeseen St, Giza, Egypt'),
(88, 'Sahar Khaled', 'sahar.khaled88@gmail.com', '+201001234654', '11 Zamalek St, Cairo, Egypt'),
(89, 'Ola Fathy', 'ola.fathy89@gmail.com', '+201001234655', '63 Heliopolis St, Cairo, Egypt'),
(90, 'Omar Fawzy', 'omar.fawzy90@gmail.com', '+201001234656', '25 Rehab St, New Cairo, Egypt'),
(91, 'Yara Mohamed', 'yara.mohamed91@gmail.com', '+201001234657', '78 October St, Giza, Egypt'),
(92, 'Sherif Ayman', 'sherif.ayman92@gmail.com', '+201001234658', '29 Mohandeseen St, Giza, Egypt'),
(93, 'Ibrahim Fathy', 'ibrahim.fathy93@gmail.com', '+201001234659', '52 Nasr City St, Cairo, Egypt'),
(94, 'Amira Fawzy', 'amira.fawzy94@gmail.com', '+201001234660', '43 Heliopolis St, Cairo, Egypt'),
(95, 'Ziad Youssef', 'ziad.youssef95@gmail.com', '+201001234661', '39 Rehab St, New Cairo, Egypt'),
(96, 'Hossam Mahmoud', 'hossam.mahmoud96@gmail.com', '+201001234662', '22 October St, Giza, Egypt'),
(97, 'Nour Ismail', 'nour.ismail97@gmail.com', '+201001234663', '34 Mohandeseen St, Giza, Egypt'),
(98, 'Maha Ali', 'maha.ali98@gmail.com', '+201001234664', '76 Zamalek St, Cairo, Egypt'),
(99, 'Ahmed Sherif', 'ahmed.sherif99@gmail.com', '+201001234665', '49 Heliopolis St, Cairo, Egypt'),
(100, 'Sara Mohamed', 'sara.mohamed100@gmail.com', '+201001234666', '88 Rehab St, New Cairo, Egypt');
--------------------------------------------------------------------------
--category
INSERT INTO category (category_id, name)
VALUES
(1, 'Electronics'),
(2, 'Clothing'),
(3, 'Home Appliances'),
(4, 'Books'),
(5, 'Sports'),
(6, 'Beauty & Personal Care'),
(7, 'Toys & Games'),
(8, 'Automotive'),
(9, 'Groceries'),
(10, 'Furniture');
--------------------------------------------------------------------------
--subcategory
INSERT INTO subcategory (subcategory_id, category_id,name)
VALUES
(1, 1, 'Mobile Phones'),
(2, 1, 'Laptops'),
(3, 1, 'Televisions'),
(4, 2, 'Men Clothing'),
(5, 2, 'Women Clothing'),
(6, 3, 'Kitchen Appliances'),
(7, 3, 'Vacuum Cleaners'),
(8, 4, 'Fiction'),
(9, 4, 'Non-fiction'),
(10, 5, 'Gym Equipment'),
(11, 5, 'Outdoor Sports'),
(12, 6, 'Skincare'),
(13, 6, 'Haircare'),
(14, 7, 'Board Games'),
(15, 7, 'Action Figures'),
(16, 8, 'Car Accessories'),
(17, 9, 'Beverages'),
(18, 9, 'Snacks'),
(19, 10, 'Living Room Furniture'),
(20, 10, 'Bedroom Furniture');
--------------------------------------------------------------------------
--product
INSERT INTO product (product_id, subcategory_id, name, description, price)
VALUES
(1, 1, 'iPhone 14', 'Latest model with advanced features', 999.99),
(2, 1, 'Samsung Galaxy S23', 'High-performance smartphone with great camera', 899.99),
(3, 2, 'Dell XPS 13', 'Lightweight laptop with powerful performance', 1299.99),
(4, 2, 'HP Spectre x360', '2-in-1 laptop with a stunning display', 1499.99),
(5, 3, 'LG 55 inch 4K TV', 'Ultra HD Smart TV with vivid colors', 699.99),
(6, 4, 'The Great Gatsby', 'A classic novel by F. Scott Fitzgerald', 15.99),
(7, 4, 'Becoming', 'A memoir by Michelle Obama', 20.99),
(8, 5, 'Yoga Mat', 'Non-slip yoga mat for your workouts', 25.99),
(9, 5, 'Tennis Racket', 'Lightweight racket for perfect swings', 89.99),
(10, 6, 'Moisturizing Cream', 'Hydrating cream for all skin types', 35.99),
(11, 6, 'Shampoo', 'Gentle shampoo for healthy hair', 12.99),
(12, 7, 'Monopoly Board Game', 'Classic board game for family fun', 29.99),
(13, 7, 'Action Figure Set', 'Collectible action figures from popular movies', 49.99),
(14, 8, 'Car Vacuum Cleaner', 'Compact vacuum for car cleaning', 45.99),
(15, 9, 'Organic Green Tea', 'Premium organic green tea leaves', 19.99),
(16, 9, 'Potato Chips', 'Crispy and salty snacks', 2.99),
(17, 10, 'Leather Sofa', 'Elegant leather sofa for living room', 1299.99),
(18, 10, 'Wooden Dining Table', 'Sturdy dining table for family gatherings', 799.99),
(19, 1, 'Bluetooth Headphones', 'Wireless headphones with noise cancellation', 199.99),
(20, 2, 'Mens Casual Shirt', 'Comfortable and stylish casual shirt', 49.99);
---------------------------------------------------------------------------
--seller

INSERT INTO seller (seller_id, name, email, phone, salary) VALUES
(1, 'Ahmed El-Masry', 'ahmed.elmasry@gmail.com', '01012345678', 5000.00),
(2, 'Sara Ibrahim', 'sara.ibrahim@gmail.com', '01023456789', 6000.00),
(3, 'Mohamed Hassan', 'mohamed.hassan@gmail.com', '01034567890', 5500.00),
(4, 'Fatma Ahmed', 'fatma.ahmed@gmail.com', '01045678901', 7000.00),
(5, 'Ali Mohamed', 'ali.mohamed@gmail.com', '01056789012', 5200.00),
(6, 'Nourhan Youssef', 'nourhan.youssef@gmail.com', '01067890123', 4800.00),
(7, 'Omar Khaled', 'omar.khaled@gmail.com', '01078901234', 5900.00),
(8, 'Dina Mostafa', 'dina.mostafa@gmail.com', '01089012345', 6500.00),
(9, 'Hossam Ezzat', 'hossam.ezzat@gmail.com', '01090123456', 5300.00),
(10, 'Mona Samir', 'mona.samir@gmail.com', '01001234567', 6200.00),
(11, 'Khaled Saleh', 'khaled.saleh@gmail.com', '01012345679', 5400.00),
(12, 'Reham Abdallah', 'reham.abdallah@gmail.com', '01023456780', 6000.00),
(13, 'Yasser Farouk', 'yasser.farouk@gmail.com', '01034567891', 5800.00),
(14, 'Nadia Kamal', 'nadia.kamal@gmail.com', '01045678902', 5100.00),
(15, 'Samy Gad', 'samy.gad@gmail.com', '01056789013', 4700.00),
(16, 'Yasmin Nour', 'yasmin.nour@gmail.com', '01067890124', 7500.00),
(17, 'Tamer Hossam', 'tamer.hossam@gmail.com', '01078901235', 5600.00),
(18, 'Amina Said', 'amina.said@gmail.com', '01089012346', 5400.00),
(19, 'Kareem Ehab', 'kareem.ehab@gmail.com', '01090123457', 5900.00),
(20, 'Hala Zaki', 'hala.zaki@gmail.com', '01001234568', 5000.00);

--------------------------------------------------------------------------
--shiping methode
INSERT INTO shipping_method (shipping_method_id,name, cost) VALUES
(1, 'Standard Shipping', 5.99),
(2, 'Express Shipping', 15.99),
(3, 'Overnight Shipping', 25.99);
------------------------------------------------------------------------
--order detail
INSERT INTO order_detail (order_id, product_id, quantity, price, discount)
VALUES
(1, 1, 2, 999.99, 5.00),   -- iPhone 14
(2, 2, 1, 899.99, 0.00),   -- Samsung Galaxy S23
(3, 3, 3, 1299.99, 2.00),  -- Dell XPS 13
(4, 4, 1, 1499.99, 5.00),  -- HP Spectre x360
(5, 5, 2, 699.99, 0.00),    -- LG 55 inch 4K TV
(6, 6, 1, 15.99, 10.00),    -- The Great Gatsby
(7, 7, 4, 20.99, 0.00),     -- Becoming
(8, 8, 1, 25.99, 10.00),    -- Yoga Mat
(9, 9, 1, 89.99, 5.00),     -- Tennis Racket
(10, 10, 3, 35.99, 0.00),   -- Moisturizing Cream
(11, 11, 2, 12.99, 0.00),   -- Shampoo
(12, 12, 5, 29.99, 5.00),   -- Monopoly Board Game
(13, 13, 3, 49.99, 0.00),   -- Action Figure Set
(14, 14, 4, 45.99, 0.00),   -- Car Vacuum Cleaner
(15, 15, 1, 19.99, 0.00),   -- Organic Green Tea
(16, 16, 2, 2.99, 0.00),    -- Potato Chips
(17, 17, 1, 1299.99, 0.00), -- Leather Sofa
(18, 18, 2, 799.99, 0.00),  -- Wooden Dining Table
(19, 19, 1, 199.99, 5.00),  -- Bluetooth Headphones
(20, 20, 1, 49.99, 0.00),   -- Mens Casual Shirt
(21, 1, 3, 999.99, 0.00),   -- iPhone 14
(22, 2, 2, 899.99, 0.00),   -- Samsung Galaxy S23
(23, 3, 1, 1299.99, 2.00),  -- Dell XPS 13
(24, 4, 1, 1499.99, 5.00),  -- HP Spectre x360
(25, 5, 2, 699.99, 0.00),    -- LG 55 inch 4K TV
(26, 6, 1, 15.99, 0.00),     -- The Great Gatsby
(27, 7, 5, 20.99, 10.00),    -- Becoming
(28, 8, 1, 25.99, 10.00),    -- Yoga Mat
(29, 9, 2, 89.99, 0.00),     -- Tennis Racket
(30, 10, 3, 35.99, 0.00),    -- Moisturizing Cream
(31, 11, 2, 12.99, 0.00),    -- Shampoo
(32, 12, 1, 29.99, 5.00),    -- Monopoly Board Game
(33, 13, 3, 49.99, 0.00),    -- Action Figure Set
(34, 14, 2, 45.99, 0.00),    -- Car Vacuum Cleaner
(35, 15, 4, 19.99, 0.00),    -- Organic Green Tea
(36, 16, 3, 2.99, 0.00),     -- Potato Chips
(37, 17, 1, 1299.99, 0.00),  -- Leather Sofa
(38, 18, 2, 799.99, 0.00),   -- Wooden Dining Table
(39, 19, 1, 199.99, 5.00),   -- Bluetooth Headphones
(40, 20, 1, 49.99, 0.00),    -- Mens Casual Shirt
(41, 1, 3, 999.99, 0.00),    -- iPhone 14
(42, 2, 1, 899.99, 0.00),    -- Samsung Galaxy S23
(43, 3, 2, 1299.99, 2.00),   -- Dell XPS 13
(44, 4, 1, 1499.99, 5.00),   -- HP Spectre x360
(45, 5, 2, 699.99, 0.00),     -- LG 55 inch 4K TV
(46, 6, 1, 15.99, 10.00),     -- The Great Gatsby
(47, 7, 3, 20.99, 0.00),      -- Becoming
(48, 8, 1, 25.99, 10.00),     -- Yoga Mat
(49, 9, 1, 89.99, 5.00),      -- Tennis Racket
(50, 10, 3, 35.99, 0.00),     -- Moisturizing Cream
(51, 11, 2, 12.99, 0.00),     -- Shampoo
(52, 12, 1, 29.99, 5.00),     -- Monopoly Board Game
(53, 13, 2, 49.99, 0.00),     -- Action Figure Set
(54, 14, 4, 45.99, 0.00),     -- Car Vacuum Cleaner
(55, 15, 1, 19.99, 0.00),     -- Organic Green Tea
(56, 16, 2, 2.99, 0.00),      -- Potato Chips
(57, 17, 1, 1299.99, 0.00),   -- Leather Sofa
(58, 18, 2, 799.99, 0.00),    -- Wooden Dining Table
(59, 19, 1, 199.99, 5.00),    -- Bluetooth Headphones
(60, 20, 1, 49.99, 0.00),     -- Mens Casual Shirt
(61, 1, 1, 999.99, 0.00),      -- iPhone 14
(62, 2, 2, 899.99, 0.00),      -- Samsung Galaxy S23
(63, 3, 1, 1299.99, 2.00),     -- Dell XPS 13
(64, 4, 1, 1499.99, 5.00),     -- HP Spectre x360
(65, 5, 2, 699.99, 0.00),       -- LG 55 inch 4K TV
(66, 6, 1, 15.99, 10.00),       -- The Great Gatsby
(67, 7, 5, 20.99, 0.00),        -- Becoming
(68, 8, 1, 25.99, 10.00),       -- Yoga Mat
(69, 9, 2, 89.99, 0.00),        -- Tennis Racket
(70, 10, 3, 35.99, 0.00),       -- Moisturizing Cream
(71, 11, 2, 12.99, 0.00),       -- Shampoo
(72, 12, 1, 29.99, 5.00),       -- Monopoly Board Game
(73, 13, 3, 49.99, 0.00),        -- Action Figure Set
(74, 14, 4, 45.99, 0.00),        -- Car Vacuum Cleaner
(75, 15, 1, 19.99, 0.00),        -- Organic Green Tea
(76, 16, 2, 2.99, 0.00),         -- Potato Chips
(77, 17, 1, 1299.99, 0.00),      -- Leather Sofa
(78, 18, 2, 799.99, 0.00),       -- Wooden Dining Table
(79, 19, 1, 199.99, 5.00),       -- Bluetooth Headphones
(80, 20, 1, 49.99, 0.00),       -- Mens Casual Shirt
(81, 1, 2, 999.99, 5.00),    -- iPhone 14
(82, 2, 1, 899.99, 0.00),    -- Samsung Galaxy S23
(83, 3, 3, 1299.99, 2.00),   -- Dell XPS 13
(84, 4, 1, 1499.99, 5.00),   -- HP Spectre x360
(85, 5, 2, 699.99, 0.00),     -- LG 55 inch 4K TV
(86, 6, 1, 15.99, 10.00),     -- The Great Gatsby
(87, 7, 4, 20.99, 0.00),      -- Becoming
(88, 8, 1, 25.99, 10.00),     -- Yoga Mat
(89, 9, 1, 89.99, 5.00),      -- Tennis Racket
(90, 10, 3, 35.99, 0.00),     -- Moisturizing Cream
(91, 11, 2, 12.99, 0.00),     -- Shampoo
(92, 12, 5, 29.99, 5.00),     -- Monopoly Board Game
(93, 13, 3, 49.99, 0.00),     -- Action Figure Set
(94, 14, 4, 45.99, 0.00),     -- Car Vacuum Cleaner
(95, 15, 1, 19.99, 0.00),     -- Organic Green Tea
(96, 16, 2, 2.99, 0.00),      -- Potato Chips
(97, 17, 1, 1299.99, 0.00),   -- Leather Sofa
(98, 18, 2, 799.99, 0.00),    -- Wooden Dining Table
(99, 19, 1, 199.99, 5.00),     -- Bluetooth Headphones
(100, 20, 1, 49.99, 0.00);      -- Mens Casual Shirt
      
------------------------------------------------------------
--orders
INSERT INTO orders (customer_id, seller_id, order_date, total_amount, shipping_method_id)
VALUES
(1, 1, '2024-10-01', (2 * 999.99) - 5.00, 1),   -- iPhone 14
(2, 2, '2024-10-01', (1 * 899.99) - 0.00, 2),    -- Samsung Galaxy S23
(3, 3, '2024-10-01', (3 * 1299.99) - 2.00, 3),   -- Dell XPS 13
(4, 4, '2024-10-01', (1 * 1499.99) - 5.00, 1),   -- HP Spectre x360
(5, 5, '2024-10-01', (2 * 699.99) - 0.00, 2),    -- LG 55 inch 4K TV

(6, 6, '2024-10-02', (1 * 25.99) - 10.00, 1),     -- The Great Gatsby
(7, 7, '2024-10-02', (4 * 20.99) - 0.00, 3),      -- Becoming
(8, 8, '2024-10-02', (1 * 25.99) - 10.00, 2),     -- Yoga Mat
(9, 9, '2024-10-02', (1 * 89.99) - 5.00, 1),      -- Tennis Racket
(10, 10, '2024-10-02', (3 * 35.99) - 0.00, 3),    -- Sports Shoes
(11, 11, '2024-10-02', (2 * 12.99) - 0.00, 2),     -- Novel
(12, 12, '2024-10-02', (1 * 150.00) - 0.00, 1),    -- Book

(13, 13, '2024-10-03', (1 * 229.98) - 0.00, 2),    -- Headphones
(14, 14, '2024-10-03', (1 * 34.99) - 0.00, 3),     -- Portable Charger
(15, 15, '2024-10-03', (1 * 200.00) - 0.00, 1),    -- Camera

(16, 16, '2024-10-04', (1 * 1749.98) - 0.00, 2),   -- Laptop
(17, 17, '2024-10-04', (1 * 479.98) - 0.00, 1),    -- Monitor

(18, 18, '2024-10-05', (1 * 179.98) - 0.00, 3),     -- Smartwatch
(19, 19, '2024-10-05', (1 * 1099.99) - 0.00, 2),    -- Tablet
(20, 20, '2024-10-05', (1 * 450.00) - 0.00, 1),      -- Smartphone
(21, 1, '2024-10-05', (2 * 399.99) - 0.00, 2),      -- Speakers

(22, 2, '2024-10-06', (1 * 292.99) - 0.00, 1),      -- External SSD
(23, 3, '2024-10-06', (1 * 1599.99) - 0.00, 2),     -- Gaming Console
(24, 4, '2024-10-06', (1 * 1199.99) - 0.00, 3),      -- Smart TV
(25, 5, '2024-10-06', (1 * 499.99) - 10.00, 1),      -- Bluetooth Headphones
(26, 6, '2024-10-07', (2 * 199.99) - 0.00, 2),       -- Wireless Mouse
(27, 7, '2024-10-07', (3 * 29.99) - 0.00, 3),        -- Notebook
(28, 8, '2024-10-07', (1 * 19.99) - 0.00, 1),        -- Pen Set
(29, 9, '2024-10-07', (4 * 15.99) - 0.00, 2),        -- Coffee Mug
(30, 10, '2024-10-08', (1 * 99.99) - 0.00, 3),       -- Fitness Tracker
(31, 11, '2024-10-08', (1 * 49.99) - 0.00, 1),       -- Cookbook
(32, 12, '2024-10-08', (1 * 29.99) - 0.00, 2),       -- Sketch Pad
(33, 13, '2024-10-09', (1 * 149.99) - 5.00, 3),      -- Yoga Mat
(34, 14, '2024-10-09', (2 * 25.99) - 0.00, 1),       -- Water Bottle
(35, 15, '2024-10-09', (1 * 59.99) - 0.00, 2),       -- Puzzle
(36, 16, '2024-10-10', (1 * 39.99) - 0.00, 3),       -- Board Game
(37, 17, '2024-10-10', (1 * 79.99) - 10.00, 1),      -- Action Figure
(38, 18, '2024-10-10', (3 * 14.99) - 0.00, 2),       -- Stickers
(39, 19, '2024-10-11', (1 * 249.99) - 0.00, 3),      -- DSLR Camera
(40, 20, '2024-10-11', (2 * 349.99) - 0.00, 1),      -- Drone
(41, 1, '2024-10-11', (1 * 199.99) - 0.00, 2),       -- Bluetooth Speaker
(42, 2, '2024-10-12', (1 * 299.99) - 5.00, 3),       -- Smart Lock
(43, 3, '2024-10-12', (1 * 499.99) - 10.00, 1),      -- Electric Kettle
(44, 4, '2024-10-12', (1 * 199.99) - 0.00, 2),       -- Air Fryer
(45, 5, '2024-10-13', (1 * 49.99) - 0.00, 3),        -- Fitness Ball
(46, 6, '2024-10-13', (1 * 199.99) - 0.00, 1),       -- Electric Toothbrush
(47, 7, '2024-10-13', (1 * 129.99) - 0.00, 2),       -- Hair Dryer
(48, 8, '2024-10-14', (2 * 29.99) - 0.00, 3),        -- Nail Polish
(49, 9, '2024-10-14', (1 * 99.99) - 0.00, 1),        -- Perfume
(50, 10, '2024-10-14', (1 * 59.99) - 0.00, 2),       -- Hairbrush
(51, 11, '2024-10-15', (1 * 159.99) - 5.00, 3),      -- Bluetooth Earbuds
(52, 12, '2024-10-15', (2 * 75.99) - 0.00, 1),       -- Smart Scale
(53, 13, '2024-10-15', (1 * 199.99) - 0.00, 2),      -- Hair Straightener
(54, 14, '2024-10-16', (1 * 349.99) - 0.00, 3),      -- Electric Bike
(55, 15, '2024-10-16', (2 * 599.99) - 0.00, 1),      -- High-Performance Laptop
(56, 16, '2024-10-16', (3 * 199.99) - 10.00, 2),     -- Wireless Earbuds
(57, 17, '2024-10-17', (2 * 299.99) - 5.00, 3),      -- Game Controller
(58, 18, '2024-10-17', (1 * 99.99) - 0.00, 1),       -- 4K Monitor
(59, 19, '2024-10-17', (1 * 29.99) - 0.00, 2),       -- Mousepad
(60, 20, '2024-10-18', (1 * 149.99) - 0.00, 3),      -- USB Hub
(61, 1, '2024-10-18', (1 * 89.99) - 0.00, 1),        -- Hard Drive
(62, 2, '2024-10-18', (1 * 39.99) - 0.00, 2),        -- Flash Drive
(63, 3, '2024-10-19', (2 * 199.99) - 0.00, 3),       -- Dual Monitor Stand
(64, 4, '2024-10-19', (1 * 149.99) - 0.00, 1),       -- Desk Chair
(65, 5, '2024-10-19', (1 * 349.99) - 0.00, 2),       -- Desk Lamp
(66, 6, '2024-10-20', (1 * 199.99) - 0.00, 3),       -- Office Desk
(67, 7, '2024-10-20', (1 * 79.99) - 0.00, 1),        -- Office Supplies
(68, 8, '2024-10-20', (1 * 69.99) - 0.00, 2),        -- Printer
(69, 9, '2024-10-21', (1 * 399.99) - 5.00, 3),       -- High-End Webcam
(70, 10, '2024-10-21', (1 * 299.99) - 0.00, 1),      -- Microphone
(71, 11, '2024-10-21', (1 * 59.99) - 0.00, 2),       -- Speaker Stand
(72, 12, '2024-10-22', (1 * 399.99) - 0.00, 3),      -- Laptop Stand
(73, 13, '2024-10-22', (1 * 159.99) - 0.00, 1),      -- Monitor Stand
(74, 14, '2024-10-22', (2 * 199.99) - 10.00, 2),     -- Office Chair
(75, 15, '2024-10-23', (1 * 99.99) - 0.00, 3),       -- Calculator
(76, 16, '2024-10-23', (1 * 79.99) - 0.00, 1),       -- Pen Holder
(77, 17, '2024-10-23', (1 * 29.99) - 0.00, 2),       -- Notebook
(78, 18, '2024-10-24', (1 * 49.99) - 0.00, 3),       -- Backpack
(79, 19, '2024-10-24', (1 * 89.99) - 0.00, 1),       -- Pencil Case
(80, 20, '2024-10-24', (2 * 12.99) - 0.00, 2),       -- Sketchbook
(81, 1, '2024-10-25', (2 * 49.99) - 0.00, 3),        -- Water Bottle
(82, 2, '2024-10-25', (1 * 29.99) - 0.00, 1),        -- Pencil
(83, 3, '2024-10-25', (1 * 49.99) - 0.00, 2),        -- Art Supplies
(84, 4, '2024-10-26', (1 * 69.99) - 0.00, 3),        -- Flash Drive
(85, 5, '2024-10-26', (2 * 199.99) - 0.00, 1),       -- Monitor
(86, 6, '2024-10-26', (1 * 39.99) - 0.00, 2),        -- Power Bank
(87, 7, '2024-10-27', (1 * 99.99) - 0.00, 3),        -- Fitness Tracker
(88, 8, '2024-10-27', (1 * 499.99) - 10.00, 1),      -- Video Game
(89, 9, '2024-10-27', (1 * 299.99) - 5.00, 2),       -- Game Console
(90, 10, '2024-10-28', (1 * 129.99) - 0.00, 3),      -- Electric Kettle
(91, 11, '2024-10-28', (2 * 39.99) - 0.00, 1),       -- Thermos
(92, 12, '2024-10-28', (1 * 99.99) - 0.00, 2),       -- Sandwich Maker
(93, 13, '2024-10-29', (1 * 29.99) - 0.00, 3),       -- Mug
(94, 14, '2024-10-29', (1 * 15.99) - 0.00, 1),       -- Water Bottle
(95, 15, '2024-10-29', (1 * 99.99) - 0.00, 2),       -- Cookware
(96, 16, '2024-10-30', (1 * 199.99) - 0.00, 3),      -- Oven
(97, 17, '2024-10-30', (1 * 59.99) - 0.00, 1),       -- Air Fryer
(98, 18, '2024-10-30', (1 * 99.99) - 5.00, 2),       -- Food Processor
(99, 19, '2024-10-31', (1 * 149.99) - 0.00, 3),      -- Refrigerator
(100, 20, '2024-10-31', (2 * 89.99) - 0.00, 1);     
-- update total amount
-- Updating total_amount in orders based on order_detail
UPDATE orders
SET total_amount = (
    SELECT SUM((quantity * price) - discount)
    FROM order_detail
    WHERE order_detail.order_id = orders.order_id
)
WHERE order_id IN (
    SELECT DISTINCT order_id
    FROM order_detail
);
---------------------------------------------------------------
INSERT INTO payment (payment_id, order_id, payment_date, amount, payment_method)
SELECT
    ROW_NUMBER() OVER (ORDER BY o.order_id) AS payment_id,
    o.order_id,
    o.order_date AS payment_date, -- Use order_date as payment_date
    o.total_amount, -- Amount from orders
    CASE 
        WHEN (ROW_NUMBER() OVER (ORDER BY o.order_id) % 3) = 0 THEN 'credit_card'
        WHEN (ROW_NUMBER() OVER (ORDER BY o.order_id) % 3) = 1 THEN 'paypal'
        ELSE 'bank_transfer'
    END AS payment_method -- Alternate payment methods
FROM
    orders o
WHERE
    o.order_id BETWEEN 1 AND 100; -- Ensure to select only orders from 1 to 100
---------------------------------------------------------------
INSERT INTO transactions (transaction_id, customer_id, seller_id, transaction_date, amount)
SELECT
    ROW_NUMBER() OVER (ORDER BY (SELECT NULL)) AS transaction_id, -- Generate transaction_id from 1 to 100
    (ROW_NUMBER() OVER (ORDER BY (SELECT NULL)) - 1) % 100 + 1 AS customer_id, -- Customer ID from 1 to 100
    (ROW_NUMBER() OVER (ORDER BY (SELECT NULL)) - 1) % 20 + 1 AS seller_id, -- Seller ID from 1 to 20
    o.order_date AS transaction_date, -- Use order_date as transaction_date
    o.total_amount -- Amount from orders
FROM
    orders o
WHERE
    o.order_id BETWEEN 1 AND 100 -- Ensure to select only orders from 1 to 100
ORDER BY
    transaction_id
	--------------------------------------------
-- Insert data into sales table
INSERT INTO sales (sales_id, seller_id, total_sales, sales_date)
SELECT
    ROW_NUMBER() OVER (ORDER BY o.order_id) AS sales_id,  -- Generate a sequential sales_id
    o.seller_id,                                          -- Get seller_id directly from orders table
    o.total_amount AS total_sales,                        -- Total sales from orders
    o.order_date AS sales_date                            -- Sales date from orders
FROM
    orders o
WHERE
    o.order_id BETWEEN 1 AND 100  -- Ensure we're only considering the first 100 orders
ORDER BY 
    sales_id;  -- Order by the generated sales_id

	------------------------------------------------
--interaction
INSERT INTO interaction (interaction_id, customer_id, interaction_date, type, notes)
SELECT 
    ROW_NUMBER() OVER (ORDER BY o.order_id) AS interaction_id,
    c.customer_id,
    o.order_date AS interaction_date, -- Use order_date as interaction_date
    CASE 
        WHEN ABS(CHECKSUM(NEWID())) % 3 = 0 THEN 'support_call'
        WHEN ABS(CHECKSUM(NEWID())) % 3 = 1 THEN 'email'
        ELSE 'chat'
    END AS type, -- Randomly assign interaction type
    CASE 
        WHEN ABS(CHECKSUM(NEWID())) % 3 = 0 THEN 'Resolved issue with product delivery.'
        WHEN ABS(CHECKSUM(NEWID())) % 3 = 1 THEN 'Inquired about product details.'
        ELSE 'Requested a refund for an order.'
    END AS notes -- Random realistic notes
FROM 
    orders o
JOIN 
    customer c ON c.customer_id = o.customer_id
WHERE 
    c.customer_id BETWEEN 1 AND 100 -- Ensure customer_id is from 1 to 100
ORDER BY 
    interaction_id;
---------------------------------------
--reviews
INSERT INTO review (review_id, customer_id, product_id, rating, comment, review_date)
SELECT 
    ROW_NUMBER() OVER (ORDER BY (SELECT NULL)) AS review_id,
    c.customer_id,
    ABS(CHECKSUM(NEWID())) % 20 + 1 AS product_id, -- Random product_id from 1 to 20
    ABS(CHECKSUM(NEWID())) % 5 + 1 AS rating, -- Random rating from 1 to 5
    CASE 
        WHEN ABS(CHECKSUM(NEWID())) % 3 = 0 THEN 'Great product, very satisfied!'
        WHEN ABS(CHECKSUM(NEWID())) % 3 = 1 THEN 'Average quality, could be better.'
        ELSE 'Not satisfied, the product did not meet my expectations.'
    END AS comment, -- Random realistic comments
    o.order_date AS review_date -- Use order_date from orders as review_date
FROM 
    customer c
CROSS JOIN 
    orders o -- To ensure we can reference the order dates
WHERE 
    c.customer_id BETWEEN 1 AND 100 -- Ensure customer_id is from 1 to 100
ORDER BY 
    review_id
OFFSET 0 ROWS FETCH NEXT 100 ROWS ONLY; -- Limit to 100 reviews






